{
  "admissions\\2023录取数据.txt": 1777968489.8199122,
  "majors\\专业介绍.txt": 1777968489.7912657,
  "policies\\2024招生章程.txt": 1777968489.7401557
}